Exercise,Set 1,Set 2,Set 3,Set 4
"2026-07-14, REST DAY",,,,
"2026-07-15, REST DAY",,,,
,,,,
"2026-08-06, PUSH B",Still felt a bit fatigued and I was tired,,,
Incline Smith Machine Bench Press,35×8 @7,35×9 @8,35×9 @8.5,35×9 @9
Weighted Chest Dips,bw×9 @7.5,bw×10 @8.5,bw×9 @10,
Flat Dumbbell Bench Press,40×8 @10,40×8 @9,,
Smith Machine Shoulder Press,25×7 @7.5,25×9 @8.5,25×9 @9,
Dumbbell Lateral Raise,12×12 @8,12×13 @9,12×13 @10,
Overhead Cable Extension (V-bar),80×11 @7.5,80×11 @8.5,80×7 @9.5,
,,,,
"2026-08-04, LEGS A","Felt fatigued and tired, lots of burning pain in Smith Machine Squats and Bulgarian Split Squats",,,
Smith Machine Squat,12.5×10 @7.5,15×10 @8,17.5×9 @8,17.5×4 @10
Dumbbell Bulgarian Split Squat,10×5 @7.5,10×4 @9.5,,
Leg Extension,70×6 @10,55×6 @9.5,,
Seated Leg Curl,155×9 @7,155×8 @10,,
Standing Calf Raise (Smith),35×13 @7.5,35×17 @8.5,35×14 @9,
Cable Ab Crunch,160×11 @7.5,170×7 @8.5,,
,,,,
"2026-08-03, PULL A",Tired and felt fatigued,,,
Chest Supported Row Machine,130×11 @7,135×12 @8,140×10 @7.5,140×13 @9
Lat Pulldown,120×9 @7.5,120×11 @8.5,120×11 @9,
Cable Lat Prayer,75×15 @8,80×12 @9,80×10 @9,
Cable Reverse Rear Delt Fly,32.5×14 @8,32.5×13 @9,32.5×10,
Dumbbell Shrug,50×5 @10,40×13 @9,,
Incline Dumbbell Curl,25×8 @9.5,25×7 @9.5,25×8 @10,
Single-Arm Cable Hammer Curl,30×14 @8.5,35×12 @9.5,,
,,,,
"2026-08-02, PUSH A","I’ve been sick with a cold I think since yesterday, today felt hard",,,
Smith Flat Bench Press,35×9 @7,40×8 @8,40×8 @8,40×10 @9
Incline Dumbbell Bench Press,35×11 @7.5,35×12 @8,35×13 @9,
Mid Cable Fly (on bench),45×12 @8,45×11 @9,45×11 @9,
Dumbbell Lateral Raise,15×9 @9.5,12×13 @9,12×14 @9.5,
Overhead Cable Triceps Extension,80×15 @7.5,90×14 @9,90×9 @9,
,,,,
"2026-08-01, SHOULDERS",,,,
Smith Machine Shoulder Press,25×10 @8,25×9 @8.5,25×12 @10,
Alternating Cable Lateral Raise,25×10 @8.5,25×10 @8.5,25×11 @9.5,
Cable Reverse Rear Delt Fly,35×10 @8.5,32.5×14 @8.5,32.5×14 @9.5,
Cable Ab Crunch,155×14 @7.5,160×12 @8.5,160×14 @8.5,
Leg Raises,12×11 @8.5,12×11 @8.5,12×12 @9.5,
,,,,
"2026-07-30, BACK",For the weighted an crunches I was getting the hang of it and still figuring it out that’s why the reps are so low,,,
Lat Pulldown,115×13 @8,115×12 @8.5,115×9 @9.5,
Chest Supported Row Machine,135×11 @9,135×10 @9.5,130×12 @9,
Dumbbell RDL,35×16 @8,35×12 @8,35×14 @9,
Cable Lat Prayer,75×12 @8,75×13 @8.5,75×13 @9.5,
Cable Ab Crunch,150×14 @8.5,150×13 @8.5,150×15 @8.5,
Leg Raises,10×6 @7,20×4 @9.5,12×12 @9.5,
,,,,
"2026-07-29, CHEST","Felt smooth, good energy",,,
Dumbbell Bench Press,45×6 @10,40×12 @8.5,40×9 @10,
Incline Dumbbell Bench Press,35×11 @8.5,35×11 @8.5,35×11 @9.5,
Mid Cable Fly (on bench),42.5×14 @8,45×12 @8.5,45×16 @9.5,
Cable Chest Press (on bench),50×15 @8.5,52.5×16 @8.5,55×13 @9.5,
Chest Dips,bw×10 @9,bw×9 @9.5,bw×11 @9.5,
,,,,
"2026-07-28, LEGS",On standing calf raise messed up first set because my foot slipped,,,
Leg Curl,135×16 @8.5,135×19 @9.5,,
Leg Extension,85×10 @9.5,85×9 @10,,
Hip Thrust,85×12 @8,100×12 @8.5,,
Smith Machine Squat,17.5×10 @8.5,17.5×11 @9.5,,
Standing Calf Raise (Smith),35×7 @7.5,35×13 @9,,
,,,,
"2026-07-27, ARMS","Not great, felt very fatigued and didn’t have much motivation",,,
Incline Dumbbell Curl,25×12 @9.5,25×10 @8.5,25×10 @10,
Tricep Pushdown,110×13 @8.5,110×12 @9,110×9 @10,
Preacher Curl,25×10 @9.5,25×10 @9.5,25×6 @10,
Tricep Kickback,30×13 @9.5,30×13 @9,30×13 @9.5,
Spider Curl,20×11 @9,20×11 @9.5,20×8 @9.5,
Hammer Curl,25×7 @9.5,25×8 @9.5,25×7 @10,
Cable Tricep Extension,90×12 @9,90×15 @9,90×12 @9,
Cable Ab Crunch,150×14 @9.5,,,
Leg Raises,bw×27 @10,,,
Cable Ab Crunch,150×14 @9.5,,,
,,,,
"2026-07-26, SHOULDERS",,,,
Smith Machine Shoulder Press,20×14 @8,20×15 @9,20×16 @9.5,
Alternating Cable Lateral Raise,20×15 @9.5,20×18 @10,20×14 @10,
Cable Reverse Rear Delt Fly,30×14 @8.5,30×12 @9,30×11 @10,
Cable Ab Crunch,150×20 @7.5,,,
Leg Raises,bw×25 @9.5,,,
Cable Ab Crunch,150×12 @7.5,,,
,,,,
"2026-07-26, BACK",Got very fatigued by the end,,,
Lat Pulldown,110×13 @8,110×13 @8.5,110×18 @9.5,
Mid Row,130×13 @8.5,130×12 @9,130×11 @9.5,
Dumbbell RDL,35×15 @8,35×12 @8.5,35×13 @9.5,
Cable Lat Prayer,70×17 @8.5,70×13 @8,70×11 @9.5,
Cable Ab Crunch,160×10 @9.5,,,
Leg Raises,bw×15 @7,,,
Cable Ab Crunch,160×6 @9.5,,,
,,,,
"2026-07-24, CHEST",Got very fatigued by the end,,,
Dumbbell Bench Press,40×15 @9.5,40×12 @9,40×11 @10,
Incline Dumbbell Bench Press,40×7 @9.5,40×10 @10,40×7 @10,
Mid Cable Fly (on bench),40×15 @9.5,40×14 @9.5,40×12 @10,
Cable Chest Press (on bench),50×11 @9,50×12 @9.5,50×12 @10,
Guillotine Press,30×14 @8.5,30×13 @8,30×17 @10,
Cable Ab Crunch,160×10 @7,,,
Leg Raises,bw×13 @6,,,
Cable Ab Crunch,160×4 @7,,,
Smith Machine Flat Bench Press,45×6 @9.5,45×5 @10,,
,,,,
"2026-07-23, ARMS","Did flat smith chest press intense, 45s for a few sets before i did the finisher",,,
Incline Dumbbell Curl,25×12 @9,25×11 @9,25×9 @10,
Tricep Pushdown,100×17 @8,110×12 @8.5,110×13 @10,
Preacher Curl,25×15 @9,25×6 @9.5,25×14 @10,
Tricep Kickback,30×14 @8.5,30×13 @8.5,30×14 @10,
Spider Curl,20×10 @9,20×11 @9.5,20×8 @10,
Hammer Curl,25×8 @9.5,25×9 @9.5,25×8 @10,
Cable Tricep Extension,90×14 @8,90×15 @8.5,90×10 @9,
Cable Ab Crunch,160×15 @8,,,
Leg Raises,bw×31 @9,,,
Cable Ab Crunch,160×7 @10,,,
,,,,
"2026-07-21, CHEST","Was training someone again so rests were long in the first half or so, in between the ab finisher I did intense smith machine bench press starting with 45s on a 25 bar than 55s than back to 35 I did multiple sets with all except I think 55",,,
Dumbbell Bench Press,40×14 @9.5,40×11 @9.5,40×9 @10,
Incline Dumbbell Bench Press,40×10 @9.5,40×9 @10,40×9 @10,
Mid Cable Fly (on bench),40×14 @9,40×13 @10,40×10 @10,
Cable Chest Press (on bench),50×12 @9.5,50×12 @8.5,50×10 @10,
Chest Dips,bw×8 @9,bw×7 @10,bw×6 @9.5,
Cable Ab Crunch,150×14 @7.5,,,
Leg Raises,bw×26 @9.5,,,
Cable Ab Crunch,150×10 @10,,,
,,,,
"2026-07-20, LEGS",Felt very tired before but once started gained lots of energy,,,
Leg Curl,100×20 @8.5,135×14 @10,,
Leg Extension,85×10 @9.5,85×10 @10,,
Hip Thrust,55×15 @7.5,70×13 @8.5,,
Smith Machine Squat,15×11 @9,15×12 @10,,
Standing Calf Raise (Smith),25×16 @8.5,30×14 @10,,
Cable Ab Crunch,150×26 @8.5,,,
Leg Raises,bw×23 @9.5,,,
Cable Ab Crunch,150×11 @9.5,,,
,,,,
"2026-07-19, SHOULDERS","Was training someone again so rests were long, the 30 mins rest wasn’t true, I was doing some bench press and forearm exercises",,,
Smith Machine Shoulder Press,15×15 @8,20×13 @9,20×15 @10,
Alternating Cable Lateral Raise,20×18 @8,20×14 @9,20×17 @10,
Cable Reverse Rear Delt Fly,30×12 @8.5,30×14 @9,30×15 @10,
Cable Ab Crunch,150×19 @9.5,150×12 @9,,
Leg Raises,bw×25 @9.5,,,
,,,,
"2026-07-18, CHEST",Was helping train something so rests were long,,,
Dumbbell Bench Press,40×12 @8,40×12 @8.5,40×12 @9.5,
Incline Dumbbell Bench Press,35×10 @9,35×10 @9,35×10 @9.5,
Mid Cable Fly (on bench),30×13 @8,40×12 @9,40×14 @9.5,
Cable Chest Press (on bench),40×15 @7.5,50×9 @9.5,50×12 @9.5,
Guillotine Press,30×11 @8,30×11 @9,30×14 @9.5,
Cable Ab Crunch,150×20 @8.5,150×8 @9,,
Leg Raises,bw×23 @8.5,,,
,,,,
"2026-07-16, ARMS",,,,
Incline Dumbbell Curl,25×10 @8.5,25×9 @9,25×12 @9,
Tricep Pushdown,100×15 @8,100×15 @8.5,100×13 @9,
Preacher Curl,25×12 @8.5,25×8 @9,25×11 @9.5,
Tricep Kickback,30×12 @9,30×10 @9,30×11 @9.5,
Spider Curl,20×9 @9,20×9 @9.5,20×10 @9.5,
Hammer Curl,25×8 @9,25×8 @9.5,25×9 @10,
Cable Tricep Extension,80×12 @7,80×15 @8,80×11 @8.5,
Cable Ab Crunch,150×17 @8,150×14 @9,,
Leg Raises,bw×19 @8.5,,,
,,,,
"2026-07-13, BACK",,,,
Lat Pulldown,110×11 @7.5,110×12 @8.5,110×15 @9.5,
Mid Row,110×15 @7.5,130×10 @9,130×12 @9,
Dumbbell RDL,35×13 @8.5,35×11 @9,35×11 @10,
Cable Lat Prayer,70×13 @8,70×13 @8,70×13 @8.5,
Cable Ab Crunch,150×14 @9,150×10 @9.5,,
Leg Raises,bw×18 @8,,,
,,,,
"2026-07-12, ARMS",,,,
Incline Dumbbell Curl,25×11 @8.5,25×10 @9,25×9 @9.5,
Tricep Pushdown,100×16 @8,100×15 @9,100×12 @9.5,
Preacher Curl,25×10 @9,25×11 @9.5,25×9 @9.5,
Tricep Kickback,30×11 @8.5,30×13 @9,30×9 @9,
Spider Curl,25×5 @9,20×7 @9,20×8 @10,
Hammer Curl,25×7 @9.5,25×7 @9.5,25×7 @9.5,
Cable Tricep Extension,80×16 @8,80×12 @8.5,80×11 @9,
Cable Ab Crunch,150×12 @9.5,,,
Leg Raises,bw×13 @8.5,,,
Cable Ab Crunch,150×13 @9.5,,,
,,,,